<keymap version="1" name="Windows copy" parent="$default">
  <action id="ActivateBookmarksToolWindow" />
  <action id="ActivateDebugToolWindow">
    <keyboard-shortcut first-keystroke="alt 9" />
  </action>
  <action id="ActivateDocumentationToolWindow">
    <keyboard-shortcut first-keystroke="alt 9" />
  </action>
  <action id="ActivateFindToolWindow">
    <keyboard-shortcut first-keystroke="alt 5" />
  </action>
  <action id="ActivatePythonConsoleToolWindow">
    <keyboard-shortcut first-keystroke="alt 2" />
  </action>
  <action id="ActivateRunToolWindow">
    <keyboard-shortcut first-keystroke="alt 8" />
  </action>
  <action id="ActivateSciViewToolWindow">
    <keyboard-shortcut first-keystroke="alt 3" />
  </action>
  <action id="ActivateServicesToolWindow" />
  <action id="ActivateTerminalToolWindow" />
  <action id="ActivateVersionControlToolWindow" />
  <action id="Activatedocumentation.v2ToolWindow">
    <keyboard-shortcut first-keystroke="alt 4" />
  </action>
  <action id="CompareTwoFiles" />
  <action id="Diff.ShowDiff" />
  <action id="DumpMLCompletionFeatures" />
  <action id="EditorDecreaseFontSize">
    <keyboard-shortcut first-keystroke="shift ctrl alt minus" />
  </action>
  <action id="EditorDeleteLine">
    <keyboard-shortcut first-keystroke="ctrl d" />
  </action>
  <action id="EditorDuplicate" />
  <action id="EditorIncreaseFontSize">
    <keyboard-shortcut first-keystroke="shift ctrl alt equals" />
  </action>
  <action id="EditorMatchBrace" />
  <action id="EditorResetFontSize">
    <keyboard-shortcut first-keystroke="shift ctrl alt 0" />
  </action>
  <action id="EditorScrollToCenter" />
  <action id="FileChooser.GotoDesktop" />
  <action id="HideAllWindows">
    <keyboard-shortcut first-keystroke="shift ctrl m" />
  </action>
  <action id="NotebookRunCellSelectBelowAction" />
  <action id="RunDashboard.CopyConfiguration" />
  <action id="SendEOF" />
  <action id="SplitHorizontally">
    <keyboard-shortcut first-keystroke="shift ctrl comma" />
  </action>
  <action id="SplitVertically">
    <keyboard-shortcut first-keystroke="ctrl comma" />
  </action>
  <action id="Vcs.ShowMessageHistory" />
  <action id="ViewToolButtons">
    <keyboard-shortcut first-keystroke="ctrl m" />
  </action>
  <action id="XDebugger.CopyWatch" />
  <action id="openAssertEqualsDiff" />
</keymap>